{"dist++": [98.0, 95.33333333333334, 88.66666666666667, 74.0, 46.66666666666666], "dist": [98.0, 95.33333333333334, 88.66666666666667, 74.0, 46.66666666666666], "vllm++": [79.0, 70.0, 57.99999999999999, 42.0, 7.000000000000001], "vllm": [79.0, 70.0, 57.99999999999999, 42.0, 7.000000000000001]}