{"dist++": [99.66666666666669, 98.33333333333331, 94.66666666666669, 86.0, 60.333333333333336], "dist": [99.66666666666669, 98.33333333333331, 94.66666666666669, 86.0, 60.333333333333336], "vllm++": [87.0, 73.0, 60.5, 40.5, 18.0], "vllm": [87.0, 73.0, 60.5, 40.5, 18.0]}