{"dist++": [95.0, 89.66666666666666, 84.66666666666667, 75.66666666666667, 51.0], "dist": [95.0, 89.66666666666666, 84.66666666666667, 75.66666666666667, 51.0], "vllm++": [95.0, 89.5, 77.5, 53.0, 17.0], "vllm": [95.0, 89.5, 77.5, 53.0, 17.0]}