{"dist++": [99.66666666666669, 98.33333333333331, 94.66666666666669, 86.0, 60.333333333333336], "dist": [99.66666666666669, 98.33333333333331, 94.66666666666669, 86.0, 60.333333333333336], "vllm++": [100.0, 100.0, 99.0, 91.25, 53.5], "vllm": [100.0, 100.0, 99.0, 91.25, 53.5]}