{"dist++": [98.33333333333331, 90.5, 67.33333333333333, 20.916666666666668, 8.333333333333332], "dist": [98.33333333333331, 90.5, 67.33333333333333, 20.916666666666668, 8.333333333333332], "vllm++": [61.0, 50.5, 37.333333333333336, 9.0, 2.4], "vllm": [61.0, 50.5, 37.333333333333336, 9.0, 2.4]}