{"dist++": [98.33333333333331, 89.66666666666666, 81.33333333333333, 65.33333333333333, 49.0], "dist": [98.33333333333331, 89.66666666666666, 81.33333333333333, 65.33333333333333, 49.0], "vllm++": [95.5, 89.5, 81.0, 62.5, 38.0], "vllm": [62.0, 49.0, 39.0, 32.0, 19.0]}