{"dist++": [99.33333333333331, 99.33333333333331, 95.33333333333334, 88.0, 81.33333333333333, 77.33333333333333, 63.33333333333333], "dist": [99.33333333333331, 99.33333333333331, 95.33333333333334, 88.0, 81.33333333333333, 77.33333333333333, 63.33333333333333], "vllm++": [62.0, 62.0, 57.99999999999999, 56.00000000000001, 48.0, 32.0, 28.000000000000004], "vllm": [62.0, 62.0, 57.99999999999999, 56.00000000000001, 48.0, 32.0, 28.000000000000004]}