{
    "facebook/opt-13b": {
        "1": {
            "prefill": [
                16.140527964085145,
                0.0942350360089479,
                5.6030123238441466e-06
            ],
            "decoding": [
                19.593068042857265,
                0.000596583457536068,
                0.07203554057111322
            ]
        },
        "2": {
            "prefill": [
                13.409213051521018,
                0.062357267556742785,
                2.126179434887869e-06
            ],
            "decoding": [
                13.281244138948262,
                0.0003287008723203929,
                0.06702341692288147
            ]
        },
        "4": {
            "prefill": [
                11.108403625646707,
                0.03420495598951261,
                6.032323895782771e-07
            ],
            "decoding": [
                10.153660620272566,
                0.0001774572265755146,
                0.04510940980884186
            ]
        }
    },
    "facebook/opt-66b": {
        "2": {
            "prefill": [
                38.122736764787504,
                0.2554708621437057,
                1.644380762099208e-05
            ],
            "decoding": [
                48.12586777415817,
                0.0008197413609910614,
                0.15666511942577985
            ]
        },
        "3": {
            "prefill": [
                29.336115371677348,
                0.1813585690948054,
                8.807276621635427e-06
            ],
            "decoding": [
                35.54948047844249,
                0.0005491964708402525,
                0.12189319785088797
            ]
        },
        "4": {
            "prefill": [
                26.29494986918079,
                0.1397897005315071,
                6.2754768335855645e-06
            ],
            "decoding": [
                30.40438632512974,
                0.00042322836428796686,
                0.09979588671027165
            ]
        }
    }
}