{
    "facebook/opt-13b": {
        "1": {
            "decoding_large_small_bs_threshold": 95,
            "prefill": [
                23.62736227,
                0.15054561,
                8.65348374e-06
            ],
            "decoding_smallbs": [
                19.562534173678987,
                0.0004941120550644942,
                0.05060571771697455
            ],
            "decoding_largebs": [
                16.8386301447433,
                0.00040897725301957885,
                0.10000261546561776
            ]
        },
        "2": {
            "decoding_large_small_bs_threshold": 95,
            "prefill": [
                19.600575891293346,
                0.06467523343305222,
                6.037181652318591e-06
            ],
            "decoding_smallbs": [
                20.450486868259052,
                0.0001870012118669617,
                0.042631560578732484
            ],
            "decoding_largebs": [
                14.956474555927338,
                0.00038090428876808935,
                0.09315896525582677
            ]
        },
        "4": {
            "decoding_large_small_bs_threshold": 95,
            "prefill": [
                21.811658992892433,
                0.03679032097721533,
                3.0231950949588526e-07
            ],
            "decoding_smallbs": [
                21.584287035694526,
                6.461362045192257e-05,
                0.04606739300723169
            ],
            "decoding_largebs": [
                19.903237240495486,
                0.00023666803411092447,
                0.052304365258722736
            ]
        }
    }
}