{
    "facebook/opt-13b": {
        "1": {
            "decoding_large_small_bs_threshold": 95,
            "prefill": [
                16.456860431694288,
                0.09264750660897617,
                6.474785740229194e-06
            ],
            "decoding_smallbs": [
                19.934702624895458,
                0.0006269356524350583,
                0.03850697740828398
            ],
            "decoding_largebs": [
                7.1661889468253595,
                0.0005798000403396046,
                0.15831096191764046
            ]
        },
        "2": {
            "decoding_large_small_bs_threshold": 95,
            "prefill": [
                13.402703359246601,
                0.06234291581603636,
                2.226884309113053e-06
            ],
            "decoding_smallbs": [
                13.294796350285385,
                0.00034109219700723494,
                0.06296393225243659
            ],
            "decoding_largebs": [
                10.638741913126715,
                0.00031183369638295723,
                0.08562913604102729
            ]
        },
        "4": {
            "decoding_large_small_bs_threshold": 95,
            "prefill": [
                10.965724575862776,
                0.034619455295915404,
                4.7511361198071533e-07
            ],
            "decoding_smallbs": [
                10.256231678259395,
                0.00018786702316166354,
                0.03269273629225551
            ],
            "decoding_largebs": [
                10.483514938375274,
                0.00017120888562939117,
                0.04566648525887034
            ]
        }
    },
    "facebook/opt-66b": {
        "2": {
            "decoding_large_small_bs_threshold": 95,
            "prefill": [
                39.14437589353578,
                0.24929935185985747,
                2.0434584061063132e-05
            ],
            "decoding_smallbs": [
                48.288015489286245,
                0.0009424343535737985,
                0.12755020094383188
            ],
            "decoding_largebs": [
                28.727693993711597,
                0.00047448475459061987,
                0.29617792360743994
            ]
        },
        "3": {
            "decoding_large_small_bs_threshold": 95,
            "prefill": [
                29.998390934942755,
                0.1778932442244592,
                1.109568089177615e-05
            ],
            "decoding_smallbs": [
                35.8015439512012,
                0.0005845004786127403,
                0.0952669764890301
            ],
            "decoding_largebs": [
                22.653861586978355,
                0.0005358489190129727,
                0.208514444037787
            ]
        },
        "4": {
            "decoding_large_small_bs_threshold": 95,
            "prefill": [
                26.76512367065223,
                0.1375928914774527,
                7.561318878163137e-06
            ],
            "decoding_smallbs": [
                30.760284619429587,
                0.000451947603788462,
                0.063284195750671
            ],
            "decoding_largebs": [
                27.47082137429487,
                0.0004046845541646486,
                0.12480667738300383
            ]
        }
    },
    "facebook/opt-175b": {
        "1": {
            "decoding_large_small_bs_threshold": 10,
            "prefill": [
                130.9165664683684,
                1.3342252558415368,
                3.486115880302343e-05
            ],
            "decoding_smallbs": [
                227.98324306892943,
                0.003179818831326306,
                0.18216354743205065
            ],
            "decoding_largebs": [
                229.08188033673463,
                0.004103814780173326,
                0.11357065117085591
            ]
        },
        "2": {
            "decoding_large_small_bs_threshold": 10,
            "prefill": [
                83.83716818467404,
                0.7403582526803819,
                1.861247722434456e-05
            ],
            "decoding_smallbs": [
                141.50775377888718,
                0.0019334477016129047,
                -2.246070807331815
            ],
            "decoding_largebs": [
                123.06815884690124,
                0.001976640492769294,
                0.22269328639491354
            ]
        },
        "4": {
            "decoding_large_small_bs_threshold": 10,
            "prefill": [
                53.44406236570016,
                0.39670127066528826,
                4.101252578436743e-06
            ],
            "decoding_smallbs": [
                73.86249831755545,
                0.0007908764850240099,
                -0.46232801008384145
            ],
            "decoding_largebs": [
                72.85374305375353,
                0.0011247059272157635,
                -0.07714173103001415
            ]
        },
        "8": {
            "decoding_large_small_bs_threshold": 10,
            "prefill": [
                116.61574373994767,
                0.006796650683156535,
                -2.9702205430713613e-06
            ],
            "decoding_smallbs": [
                68.40218709540346,
                0.001609685751668097,
                -0.8563983878956899
            ],
            "decoding_largebs": [
                65.65072178670616,
                -9.501277588408138e-05,
                0.19787725568053166
            ]
        }
    }
}