{
    "facebook/opt-13b": {
        "1": {
            "decoding_large_small_bs_threshold": 95,
            "prefill": [
                15.751574849507277,
                0.10036374192949256,
                5.76898915900792e-06
            ],
            "decoding_smallbs": [
                19.562534173678987,
                0.0004941120550644942,
                0.05060571771697455
            ],
            "decoding_largebs": [
                16.8386301447433,
                0.00040897725301957885,
                0.10000261546561776
            ]
        },
        "2": {
            "decoding_large_small_bs_threshold": 95,
            "prefill": [
                19.600575891293346,
                0.06467523343305222,
                6.037181652318591e-06
            ],
            "decoding_smallbs": [
                20.450486868259052,
                0.0001870012118669617,
                0.072631560578732484
            ],
            "decoding_largebs": [
                14.956474555927338,
                0.00038090428876808935,
                0.09315896525582677
            ]
        },
        "4": {
            "decoding_large_small_bs_threshold": 95,
            "prefill": [
                21.811658992892433,
                0.03679032097721533,
                3.0231950949588526e-07
            ],
            "decoding_smallbs": [
                21.584287035694526,
                6.461362045192257e-05,
                0.04606739300723169
            ],
            "decoding_largebs": [
                19.903237240495486,
                0.00023666803411092447,
                0.052304365258722736
            ]
        }
    },
    "facebook/opt-66b": {
        "2": {
            "decoding_large_small_bs_threshold": 95,
            "prefill": [
                41.7015733105815,
                0.27331485930584765,
                -5.081534767692464e-06
            ],
            "decoding_smallbs": [
                47.5612011433094,
                0.0030384282314622714,
                0.18744780287493518
            ],
            "decoding_largebs": [
                22.486466190712143,
                0.005166776980316652,
                0.3735474566064538
            ]
        },
        "3": {
            "decoding_large_small_bs_threshold": 95,
            "prefill": [
                32.67466731213044,
                0.19843769627612665,
                2.604462092919979e-05
            ],
            "decoding_smallbs": [
                37.449655171293855,
                0.0006746793793850118,
                0.17739982992530146
            ],
            "decoding_largebs": [
                36.413357640287465,
                0.0007002139455066793,
                0.20005389673594165
            ]
        },
        "4": {
            "decoding_large_small_bs_threshold": 95,
            "prefill": [
                30.68963525855282,
                0.15204703019896387,
                3.286440997304907e-05
            ],
            "decoding_smallbs": [
                32.98482446677012,
                0.000578810141033908,
                0.11317390154663971
            ],
            "decoding_largebs": [
                34.04976500574734,
                0.0003554059382548905,
                0.16256977123158795
            ]
        }
    },
    "facebook/opt-175b": {
        "1": {
            "decoding_large_small_bs_threshold": 10,
            "prefill": [
                130.9165664683684,
                1.3342252558415368,
                3.486115880302343e-05
            ],
            "decoding_smallbs": [
                227.98324306892943,
                0.003179818831326306,
                0.18216354743205065
            ],
            "decoding_largebs": [
                229.08188033673463,
                0.004103814780173326,
                0.11357065117085591
            ]
        },
        "2": {
            "decoding_large_small_bs_threshold": 10,
            "prefill": [
                83.83716818467404,
                0.7403582526803819,
                1.861247722434456e-05
            ],
            "decoding_smallbs": [
                141.50775377888718,
                0.0019334477016129047,
                -2.246070807331815
            ],
            "decoding_largebs": [
                123.06815884690124,
                0.001976640492769294,
                0.22269328639491354
            ]
        },
        "4": {
            "decoding_large_small_bs_threshold": 10,
            "prefill": [
                53.44406236570016,
                0.39670127066528826,
                4.101252578436743e-06
            ],
            "decoding_smallbs": [
                73.86249831755545,
                0.0007908764850240099,
                -0.46232801008384145
            ],
            "decoding_largebs": [
                72.85374305375353,
                0.0011247059272157635,
                -0.07714173103001415
            ]
        },
        "8": {
            "decoding_large_small_bs_threshold": 10,
            "prefill": [
                116.61574373994767,
                0.006796650683156535,
                -2.9702205430713613e-06
            ],
            "decoding_smallbs": [
                68.40218709540346,
                0.001609685751668097,
                -0.8563983878956899
            ],
            "decoding_largebs": [
                65.65072178670616,
                -9.501277588408138e-05,
                0.19787725568053166
            ]
        }
    }
}