{
  "facebook/opt-13b": {
    "1": {
      "decoding_large_small_bs_threshold": 95,
      "prefill": [
        22.052204789310185,
        0.14050923870128956,
        8.076584822611088e-06
      ],
      "decoding_smallbs": [
        23.475041008414784,
        0.000592934466077393,
        0.060726861260369455
      ],
      "decoding_largebs": [
        20.206356173691958,
        0.0004907727036234946,
        0.1200031385587413
      ]
    },
    "2": {
      "decoding_large_small_bs_threshold": 95,
      "prefill": [
        27.440806247810684,
        0.0905453268062731,
        8.452054313246025e-06
      ],
      "decoding_smallbs": [
        24.54058424191086,
        0.00022440145424035404,
        0.08715787269447899
      ],
      "decoding_largebs": [
        17.947769467112806,
        0.0004570851465217072,
        0.11179075830699213
      ]
    },
    "4": {
      "decoding_large_small_bs_threshold": 95,
      "prefill": [
        30.536322590049405,
        0.05150644936810146,
        4.232473132942393e-07
      ],
      "decoding_smallbs": [
        25.90114444283343,
        7.753634454230709e-05,
        0.05528087160867803
      ],
      "decoding_largebs": [
        23.88388468859458,
        0.00028400164093310935,
        0.06276523831046728
      ]
    }
  },
  "facebook/opt-66b": {
    "2": {
      "decoding_large_small_bs_threshold": 95,
      "prefill": [
        58.3822026348141,
        0.3826408030281867,
        -7.1141486747694485e-06
      ],
      "decoding_smallbs": [
        57.07344137197128,
        0.0036461138777547255,
        0.2249373634499222
      ],
      "decoding_largebs": [
        26.983759428854572,
        0.006200132376379982,
        0.4482569479277445
      ]
    },
    "3": {
      "decoding_large_small_bs_threshold": 95,
      "prefill": [
        45.74453423698261,
        0.2778127747865773,
        3.64624693008797e-05
      ],
      "decoding_smallbs": [
        44.93958620555262,
        0.0008096152552620141,
        0.21287979591036174
      ],
      "decoding_largebs": [
        43.69602916834496,
        0.0008402567346080152,
        0.24006467608312998
      ]
    },
    "4": {
      "decoding_large_small_bs_threshold": 95,
      "prefill": [
        42.965489361973944,
        0.2128658422785494,
        4.601017396226869e-05
      ],
      "decoding_smallbs": [
        39.58178936012414,
        0.0006945721692406896,
        0.13580868185596764
      ],
      "decoding_largebs": [
        40.859718006896806,
        0.0004264871259058686,
        0.19508372547790553
      ]
    },
    "8": {
      "decoding_large_small_bs_threshold": 95,
      "prefill": [
        38.931193445523604,
        0.1573682229779579,
        4.531676245669589e-06
      ],
      "decoding_smallbs": [
        31.176041922273107,
        0.00027556543631760213,
        0.0679770397053775
      ],
      "decoding_largebs": [
        29.087774405517447,
        0.0006027720257746419,
        0.1389608688300688
      ]
    }
  }
}
